Workbook

Sheet Summary
B2: Trade Reconciliation - Daily Break Summary
B3: Internal OMS blotter vs exchange / clearing confirmations, matched on TradeID. Trade date 2026-06-30. All figures synthetic.
B5: Total trades reconciled | D5: =COUNTA(Reconciliation!$A$2:$A$463)
B6: Matched | D6: =462-SUM(Reconciliation!$R$2:$R$463)
B7: Total breaks | D7: =SUM(Reconciliation!$R$2:$R$463)
B8: Match rate | D8: =(462-SUM(Reconciliation!$R$2:$R$463))/462
B9: Break notional exposure (INR) | D9: =SUM(Reconciliation!$S$2:$S$463)
B11: Breaks by type | D11: Count | E11: Notional (INR)
B12: QTY BREAK | D12: =COUNTIF(Reconciliation!$Q$2:$Q$463,"QTY BREAK") | E12: =SUMIF(Reconciliation!$Q$2:$Q$463,"QTY BREAK",Reconciliation!$S$2:$S$463)
B13: PRICE BREAK | D13: =COUNTIF(Reconciliation!$Q$2:$Q$463,"PRICE BREAK") | E13: =SUMIF(Reconciliation!$Q$2:$Q$463,"PRICE BREAK",Reconciliation!$S$2:$S$463)
B14: FEE BREAK | D14: =COUNTIF(Reconciliation!$Q$2:$Q$463,"FEE BREAK") | E14: =SUMIF(Reconciliation!$Q$2:$Q$463,"FEE BREAK",Reconciliation!$S$2:$S$463)
B15: SIDE BREAK | D15: =COUNTIF(Reconciliation!$Q$2:$Q$463,"SIDE BREAK") | E15: =SUMIF(Reconciliation!$Q$2:$Q$463,"SIDE BREAK",Reconciliation!$S$2:$S$463)
B16: MISSING IN EXCHANGE | D16: =COUNTIF(Reconciliation!$Q$2:$Q$463,"MISSING IN EXCHANGE") | E16: =SUMIF(Reconciliation!$Q$2:$Q$463,"MISSING IN EXCHANGE",Reconciliation!$S$2:$S$463)
B17: MISSING IN INTERNAL | D17: =COUNTIF(Reconciliation!$Q$2:$Q$463,"MISSING IN INTERNAL") | E17: =SUMIF(Reconciliation!$Q$2:$Q$463,"MISSING IN INTERNAL",Reconciliation!$S$2:$S$463)
B18: TOTAL | D18: =SUM(D12:D17) | E18: =SUM(E12:E17)

Sheet InternalTrades
A1: TradeID | B1: TradeDate | C1: TradeTime | D1: Symbol | E1: AssetClass | F1: Side | G1: Quantity | H1: Price | I1: GrossNotional | J1: Fees | K1: Venue | L1: ClearingMember | M1: Key
A2: T100001 | B2: 2026-06-30 | C2: 09:19:04 | D2: HINDUNILVR | E2: Equity | F2: SELL | G2: 300 | H2: 2366.59 | I2: 709977 | J2: 248.49 | K2: NSE | L2: QE-CLEARING | M2: T100001
A3: T100002 | B3: 2026-06-30 | C3: 10:54:01 | D3: HDFCBANK | E3: Equity | F3: SELL | G3: 250 | H3: 1681.46 | I3: 420365 | J3: 147.13 | K3: NSE | L3: QE-CLEARING | M3: T100002
A4: T100003 | B4: 2026-06-30 | C4: 13:12:42 | D4: HINDUNILVR | E4: Equity | F4: SELL | G4: 50 | H4: 2356.8 | I4: 117840 | J4: 41.24 | K4: BSE | L4: QE-CLEARING | M4: T100003
A5: T100004 | B5: 2026-06-30 | C5: 09:28:33 | D5: MARUTI | E5: Equity | F5: BUY | G5: 150 | H5: 12605.02 | I5: 1890753 | J5: 661.76 | K5: BSE | L5: QE-CLEARING | M5: T100004
A6: T100005 | B6: 2026-06-30 | C6: 11:18:51 | D6: ITC | E6: Equity | F6: BUY | G6: 200 | H6: 447.27 | I6: 89454 | J6: 31.31 | K6: BSE | L6: QE-CLEARING | M6: T100005
A7: T100006 | B7: 2026-06-30 | C7: 10:53:38 | D7: BHARTIARTL | E7: Equity | F7: SELL | G7: 150 | H7: 1584.58 | I7: 237687 | J7: 83.19 | K7: NSE | L7: QE-CLEARING | M7: T100006
A8: T100007 | B8: 2026-06-30 | C8: 15:55:39 | D8: KOTAKBANK | E8: Equity | F8: SELL | G8: 200 | H8: 1787.84 | I8: 357568 | J8: 125.15 | K8: BSE | L8: QE-CLEARING | M8: T100007
A9: T100008 | B9: 2026-06-30 | C9: 11:07:14 | D9: RELIANCE | E9: Equity | F9: SELL | G9: 75 | H9: 1424.09 | I9: 106806.75 | J9: 37.38 | K9: NSE | L9: QE-CLEARING | M9: T100008
A10: T100009 | B10: 2026-06-30 | C10: 10:41:48 | D10: ITC | E10: Equity | F10: BUY | G10: 200 | H10: 446.63 | I10: 89326 | J10: 31.26 | K10: NSE | L10: QE-CLEARING | M10: T100009
A11: T100010 | B11: 2026-06-30 | C11: 11:48:51 | D11: SBIN | E11: Equity | F11: BUY | G11: 500 | H11: 815.39 | I11: 407695 | J11: 142.69 | K11: BSE | L11: QE-CLEARING | M11: T100010
A12: T100011 | B12: 2026-06-30 | C12: 12:29:09 | D12: RELIANCE | E12: Equity | F12: BUY | G12: 200 | H12: 1418.74 | I12: 283748 | J12: 99.31 | K12: BSE | L12: QE-CLEARING | M12: T100011
A13: T100012 | B13: 2026-06-30 | C13: 11:44:38 | D13: INFY | E13: Equity | F13: SELL | G13: 50 | H13: 1558.76 | I13: 77938 | J13: 27.28 | K13: BSE | L13: QE-CLEARING | M13: T100012
... A461: T100460 | B461: 2026-06-30 | C461: 09:40:37 | D461: NIFTY-24800-CE | E461: Option | F461: BUY | G461: 75 | H461: 182.42 | I461: 13681.5 | J461: 6.84 | K461: NSE | L461: QE-CLEARING | M461: T100460

Sheet ExchangeConfirms
A1: TradeID | B1: TradeDate | C1: TradeTime | D1: Symbol | E1: AssetClass | F1: Side | G1: Quantity | H1: Price | I1: GrossNotional | J1: Fees | K1: Venue | L1: ClearingMember | M1: Key
A2: T100001 | B2: 2026-06-30 | C2: 09:19:04 | D2: HINDUNILVR | E2: Equity | F2: SELL | G2: 300 | H2: 2366.59 | I2: 709977 | J2: 248.49 | K2: NSE | L2: QE-CLEARING | M2: T100001
A3: T100002 | B3: 2026-06-30 | C3: 10:54:01 | D3: HDFCBANK | E3: Equity | F3: SELL | G3: 250 | H3: 1681.46 | I3: 420365 | J3: 147.13 | K3: NSE | L3: QE-CLEARING | M3: T100002
A4: T100003 | B4: 2026-06-30 | C4: 13:12:42 | D4: HINDUNILVR | E4: Equity | F4: SELL | G4: 50 | H4: 2356.8 | I4: 117840 | J4: 41.24 | K4: BSE | L4: QE-CLEARING | M4: T100003
A5: T100004 | B5: 2026-06-30 | C5: 09:28:33 | D5: MARUTI | E5: Equity | F5: BUY | G5: 75 | H5: 12605.02 | I5: 945376.5 | J5: 330.88 | K5: BSE | L5: QE-CLEARING | M5: T100004
A6: T100005 | B6: 2026-06-30 | C6: 11:18:51 | D6: ITC | E6: Equity | F6: BUY | G6: 200 | H6: 447.27 | I6: 89454 | J6: 31.31 | K6: BSE | L6: QE-CLEARING | M6: T100005
A7: T100006 | B7: 2026-06-30 | C7: 10:53:38 | D7: BHARTIARTL | E7: Equity | F7: SELL | G7: 150 | H7: 1584.58 | I7: 237687 | J7: 83.19 | K7: NSE | L7: QE-CLEARING | M7: T100006
A8: T100007 | B8: 2026-06-30 | C8: 15:55:39 | D8: KOTAKBANK | E8: Equity | F8: SELL | G8: 200 | H8: 1787.84 | I8: 357568 | J8: 125.15 | K8: BSE | L8: QE-CLEARING | M8: T100007
A9: T100008 | B9: 2026-06-30 | C9: 11:07:14 | D9: RELIANCE | E9: Equity | F9: SELL | G9: 75 | H9: 1424.09 | I9: 106806.75 | J9: 37.38 | K9: NSE | L9: QE-CLEARING | M9: T100008
A10: T100009 | B10: 2026-06-30 | C10: 10:41:48 | D10: ITC | E10: Equity | F10: BUY | G10: 200 | H10: 446.63 | I10: 89326 | J10: 31.26 | K10: NSE | L10: QE-CLEARING | M10: T100009
A11: T100010 | B11: 2026-06-30 | C11: 11:48:51 | D11: SBIN | E11: Equity | F11: BUY | G11: 500 | H11: 815.39 | I11: 407695 | J11: 142.69 | K11: BSE | L11: QE-CLEARING | M11: T100010
A12: T100011 | B12: 2026-06-30 | C12: 12:29:09 | D12: RELIANCE | E12: Equity | F12: BUY | G12: 200 | H12: 1418.74 | I12: 283748 | J12: 99.31 | K12: BSE | L12: QE-CLEARING | M12: T100011
A13: T100012 | B13: 2026-06-30 | C13: 11:44:38 | D13: INFY | E13: Equity | F13: SELL | G13: 50 | H13: 1558.76 | I13: 77938 | J13: 27.28 | K13: BSE | L13: QE-CLEARING | M13: T100012
... A460: T100462 | B460: 2026-06-30 | C460: 14:41:42 | D460: BAJFINANCE | E460: Equity | F460: BUY | G460: 200 | H460: 7165.41 | I460: 1433082 | J460: 501.58 | K460: BSE | L460: QE-CLEARING | M460: T100462

Sheet Reconciliation
A1: TradeID | B1: Symbol | C1: AssetClass | D1: Venue | E1: InInternal | F1: InExchange | G1: IntSide | H1: ExchSide | I1: IntQty | J1: ExchQty | K1: IntPrice | L1: ExchPrice | M1: IntFees | N1: ExchFees | O1: IntNotional | P1: ExchNotional | Q1: BreakType | R1: IsBreak | S1: BreakNotional
A2: T100001 | B2: =IFERROR(INDEX(InternalTrades!$D$2:$D$461,MATCH($A2,InternalTrades!$A$2:$A$461,0)),INDEX(ExchangeConfirms!$D$2:$D$460,MATCH($A2,ExchangeConfirms!$A$2:$A$460,0))) | C2: =IFERROR(INDEX(InternalTrades!$E$2:$E$461,MATCH($A2,InternalTrades!$A$2:$A$461,0)),INDEX(ExchangeConfirms!$E$2:$E$460,MATCH($A2,ExchangeConfirms!$A$2:$A$460,0))) | D2: =IFERROR(INDEX(InternalTrades!$K$2:$K$461,MATCH($A2,InternalTrades!$A$2:$A$461,0)),INDEX(ExchangeConfirms!$K$2:$K$460,MATCH($A2,ExchangeConfirms!$A$2:$A$460,0))) | E2: =IF(COUNTIF(InternalTrades!$A$2:$A$461,$A2)>0,1,0) | F2: =IF(COUNTIF(ExchangeConfirms!$A$2:$A$460,$A2)>0,1,0) | G2: =IFERROR(INDEX(InternalTrades!$F$2:$F$461,MATCH($A2,InternalTrades!$A$2:$A$461,0)),"") | H2: =IFERROR(INDEX(ExchangeConfirms!$F$2:$F$460,MATCH($A2,ExchangeConfirms!$A$2:$A$460,0)),"") | I2: =IFERROR(INDEX(InternalTrades!$G$2:$G$461,MATCH($A2,InternalTrades!$A$2:$A$461,0)),"") | J2: =IFERROR(INDEX(ExchangeConfirms!$G$2:$G$460,MATCH($A2,ExchangeConfirms!$A$2:$A$460,0)),"") | K2: =IFERROR(INDEX(InternalTrades!$H$2:$H$461,MATCH($A2,InternalTrades!$A$2:$A$461,0)),"") | L2: =IFERROR(INDEX(ExchangeConfirms!$H$2:$H$460,MATCH($A2,ExchangeConfirms!$A$2:$A$460,0)),"") | M2: =IFERROR(INDEX(InternalTrades!$J$2:$J$461,MATCH($A2,InternalTrades!$A$2:$A$461,0)),"") | N2: =IFERROR(INDEX(ExchangeConfirms!$J$2:$J$460,MATCH($A2,ExchangeConfirms!$A$2:$A$460,0)),"") | O2: =IFERROR(INDEX(InternalTrades!$I$2:$I$461,MATCH($A2,InternalTrades!$A$2:$A$461,0)),"") | P2: =IFERROR(INDEX(ExchangeConfirms!$I$2:$I$460,MATCH($A2,ExchangeConfirms!$A$2:$A$460,0)),"") | Q2: =IF(AND($E2=1,$F2=0),"MISSING IN EXCHANGE",IF(AND($E2=0,$F2=1),"MISSING IN INTERNAL",IF($G2<>$H2,"SIDE BREAK",IF($I2<>$J2,"QTY BREAK",IF(ABS($K2-$L2)>0.005,"PRICE BREAK",IF(ABS($M2-$N2)>0.01,"FEE BREAK","MATCHED")))))) | R2: =IF($Q2="MATCHED",0,1) | S2: =IF($Q2="MATCHED",0,IF($Q2="MISSING IN EXCHANGE",$O2,IF($Q2="MISSING IN INTERNAL",$P2,ABS(N($O2)-N($P2)))))
A3: T100002 | B3: =IFERROR(INDEX(InternalTrades!$D$2:$D$461,MATCH($A3,InternalTrades!$A$2:$A$461,0)),INDEX(ExchangeConfirms!$D$2:$D$460,MATCH($A3,ExchangeConfirms!$A$2:$A$460,0))) | C3: =IFERROR(INDEX(InternalTrades!$E$2:$E$461,MATCH($A3,InternalTrades!$A$2:$A$461,0)),INDEX(ExchangeConfirms!$E$2:$E$460,MATCH($A3,ExchangeConfirms!$A$2:$A$460,0))) | D3: =IFERROR(INDEX(InternalTrades!$K$2:$K$461,MATCH($A3,InternalTrades!$A$2:$A$461,0)),INDEX(ExchangeConfirms!$K$2:$K$460,MATCH($A3,ExchangeConfirms!$A$2:$A$460,0))) | E3: =IF(COUNTIF(InternalTrades!$A$2:$A$461,$A3)>0,1,0) | F3: =IF(COUNTIF(ExchangeConfirms!$A$2:$A$460,$A3)>0,1,0) | G3: =IFERROR(INDEX(InternalTrades!$F$2:$F$461,MATCH($A3,InternalTrades!$A$2:$A$461,0)),"") | H3: =IFERROR(INDEX(ExchangeConfirms!$F$2:$F$460,MATCH($A3,ExchangeConfirms!$A$2:$A$460,0)),"") | I3: =IFERROR(INDEX(InternalTrades!$G$2:$G$461,MATCH($A3,InternalTrades!$A$2:$A$461,0)),"") | J3: =IFERROR(INDEX(ExchangeConfirms!$G$2:$G$460,MATCH($A3,ExchangeConfirms!$A$2:$A$460,0)),"") | K3: =IFERROR(INDEX(InternalTrades!$H$2:$H$461,MATCH($A3,InternalTrades!$A$2:$A$461,0)),"") | L3: =IFERROR(INDEX(ExchangeConfirms!$H$2:$H$460,MATCH($A3,ExchangeConfirms!$A$2:$A$460,0)),"") | M3: =IFERROR(INDEX(InternalTrades!$J$2:$J$461,MATCH($A3,InternalTrades!$A$2:$A$461,0)),"") | N3: =IFERROR(INDEX(ExchangeConfirms!$J$2:$J$460,MATCH($A3,ExchangeConfirms!$A$2:$A$460,0)),"") | O3: =IFERROR(INDEX(InternalTrades!$I$2:$I$461,MATCH($A3,InternalTrades!$A$2:$A$461,0)),"") | P3: =IFERROR(INDEX(ExchangeConfirms!$I$2:$I$460,MATCH($A3,ExchangeConfirms!$A$2:$A$460,0)),"") | Q3: =IF(AND($E3=1,$F3=0),"MISSING IN EXCHANGE",IF(AND($E3=0,$F3=1),"MISSING IN INTERNAL",IF($G3<>$H3,"SIDE BREAK",IF($I3<>$J3,"QTY BREAK",IF(ABS($K3-$L3)>0.005,"PRICE BREAK",IF(ABS($M3-$N3)>0.01,"FEE BREAK","MATCHED")))))) | R3: =IF($Q3="MATCHED",0,1) | S3: =IF($Q3="MATCHED",0,IF($Q3="MISSING IN EXCHANGE",$O3,IF($Q3="MISSING IN INTERNAL",$P3,ABS(N($O3)-N($P3)))))
A4: T100003 | B4: =IFERROR(INDEX(InternalTrades!$D$2:$D$461,MATCH($A4,InternalTrades!$A$2:$A$461,0)),INDEX(ExchangeConfirms!$D$2:$D$460,MATCH($A4,ExchangeConfirms!$A$2:$A$460,0))) | C4: =IFERROR(INDEX(InternalTrades!$E$2:$E$461,MATCH($A4,InternalTrades!$A$2:$A$461,0)),INDEX(ExchangeConfirms!$E$2:$E$460,MATCH($A4,ExchangeConfirms!$A$2:$A$460,0))) | D4: =IFERROR(INDEX(InternalTrades!$K$2:$K$461,MATCH($A4,InternalTrades!$A$2:$A$461,0)),INDEX(ExchangeConfirms!$K$2:$K$460,MATCH($A4,ExchangeConfirms!$A$2:$A$460,0))) | E4: =IF(COUNTIF(InternalTrades!$A$2:$A$461,$A4)>0,1,0) | F4: =IF(COUNTIF(ExchangeConfirms!$A$2:$A$460,$A4)>0,1,0) | G4: =IFERROR(INDEX(InternalTrades!$F$2:$F$461,MATCH($A4,InternalTrades!$A$2:$A$461,0)),"") | H4: =IFERROR(INDEX(ExchangeConfirms!$F$2:$F$460,MATCH($A4,ExchangeConfirms!$A$2:$A$460,0)),"") | I4: =IFERROR(INDEX(InternalTrades!$G$2:$G$461,MATCH($A4,InternalTrades!$A$2:$A$461,0)),"") | J4: =IFERROR(INDEX(ExchangeConfirms!$G$2:$G$460,MATCH($A4,ExchangeConfirms!$A$2:$A$460,0)),"") | K4: =IFERROR(INDEX(InternalTrades!$H$2:$H$461,MATCH($A4,InternalTrades!$A$2:$A$461,0)),"") | L4: =IFERROR(INDEX(ExchangeConfirms!$H$2:$H$460,MATCH($A4,ExchangeConfirms!$A$2:$A$460,0)),"") | M4: =IFERROR(INDEX(InternalTrades!$J$2:$J$461,MATCH($A4,InternalTrades!$A$2:$A$461,0)),"") | N4: =IFERROR(INDEX(ExchangeConfirms!$J$2:$J$460,MATCH($A4,ExchangeConfirms!$A$2:$A$460,0)),"") | O4: =IFERROR(INDEX(InternalTrades!$I$2:$I$461,MATCH($A4,InternalTrades!$A$2:$A$461,0)),"") | P4: =IFERROR(INDEX(ExchangeConfirms!$I$2:$I$460,MATCH($A4,ExchangeConfirms!$A$2:$A$460,0)),"") | Q4: =IF(AND($E4=1,$F4=0),"MISSING IN EXCHANGE",IF(AND($E4=0,$F4=1),"MISSING IN INTERNAL",IF($G4<>$H4,"SIDE BREAK",IF($I4<>$J4,"QTY BREAK",IF(ABS($K4-$L4)>0.005,"PRICE BREAK",IF(ABS($M4-$N4)>0.01,"FEE BREAK","MATCHED")))))) | R4: =IF($Q4="MATCHED",0,1) | S4: =IF($Q4="MATCHED",0,IF($Q4="MISSING IN EXCHANGE",$O4,IF($Q4="MISSING IN INTERNAL",$P4,ABS(N($O4)-N($P4)))))
A5: T100004 | B5: =IFERROR(INDEX(InternalTrades!$D$2:$D$461,MATCH($A5,InternalTrades!$A$2:$A$461,0)),INDEX(ExchangeConfirms!$D$2:$D$460,MATCH($A5,ExchangeConfirms!$A$2:$A$460,0))) | C5: =IFERROR(INDEX(InternalTrades!$E$2:$E$461,MATCH($A5,InternalTrades!$A$2:$A$461,0)),INDEX(ExchangeConfirms!$E$2:$E$460,MATCH($A5,ExchangeConfirms!$A$2:$A$460,0))) | D5: =IFERROR(INDEX(InternalTrades!$K$2:$K$461,MATCH($A5,InternalTrades!$A$2:$A$461,0)),INDEX(ExchangeConfirms!$K$2:$K$460,MATCH($A5,ExchangeConfirms!$A$2:$A$460,0))) | E5: =IF(COUNTIF(InternalTrades!$A$2:$A$461,$A5)>0,1,0) | F5: =IF(COUNTIF(ExchangeConfirms!$A$2:$A$460,$A5)>0,1,0) | G5: =IFERROR(INDEX(InternalTrades!$F$2:$F$461,MATCH($A5,InternalTrades!$A$2:$A$461,0)),"") | H5: =IFERROR(INDEX(ExchangeConfirms!$F$2:$F$460,MATCH($A5,ExchangeConfirms!$A$2:$A$460,0)),"") | I5: =IFERROR(INDEX(InternalTrades!$G$2:$G$461,MATCH($A5,InternalTrades!$A$2:$A$461,0)),"") | J5: =IFERROR(INDEX(ExchangeConfirms!$G$2:$G$460,MATCH($A5,ExchangeConfirms!$A$2:$A$460,0)),"") | K5: =IFERROR(INDEX(InternalTrades!$H$2:$H$461,MATCH($A5,InternalTrades!$A$2:$A$461,0)),"") | L5: =IFERROR(INDEX(ExchangeConfirms!$H$2:$H$460,MATCH($A5,ExchangeConfirms!$A$2:$A$460,0)),"") | M5: =IFERROR(INDEX(InternalTrades!$J$2:$J$461,MATCH($A5,InternalTrades!$A$2:$A$461,0)),"") | N5: =IFERROR(INDEX(ExchangeConfirms!$J$2:$J$460,MATCH($A5,ExchangeConfirms!$A$2:$A$460,0)),"") | O5: =IFERROR(INDEX(InternalTrades!$I$2:$I$461,MATCH($A5,InternalTrades!$A$2:$A$461,0)),"") | P5: =IFERROR(INDEX(ExchangeConfirms!$I$2:$I$460,MATCH($A5,ExchangeConfirms!$A$2:$A$460,0)),"") | Q5: =IF(AND($E5=1,$F5=0),"MISSING IN EXCHANGE",IF(AND($E5=0,$F5=1),"MISSING IN INTERNAL",IF($G5<>$H5,"SIDE BREAK",IF($I5<>$J5,"QTY BREAK",IF(ABS($K5-$L5)>0.005,"PRICE BREAK",IF(ABS($M5-$N5)>0.01,"FEE BREAK","MATCHED")))))) | R5: =IF($Q5="MATCHED",0,1) | S5: =IF($Q5="MATCHED",0,IF($Q5="MISSING IN EXCHANGE",$O5,IF($Q5="MISSING IN INTERNAL",$P5,ABS(N($O5)-N($P5)))))
A6: T100005 | B6: =IFERROR(INDEX(InternalTrades!$D$2:$D$461,MATCH($A6,InternalTrades!$A$2:$A$461,0)),INDEX(ExchangeConfirms!$D$2:$D$460,MATCH($A6,ExchangeConfirms!$A$2:$A$460,0))) | C6: =IFERROR(INDEX(InternalTrades!$E$2:$E$461,MATCH($A6,InternalTrades!$A$2:$A$461,0)),INDEX(ExchangeConfirms!$E$2:$E$460,MATCH($A6,ExchangeConfirms!$A$2:$A$460,0))) | D6: =IFERROR(INDEX(InternalTrades!$K$2:$K$461,MATCH($A6,InternalTrades!$A$2:$A$461,0)),INDEX(ExchangeConfirms!$K$2:$K$460,MATCH($A6,ExchangeConfirms!$A$2:$A$460,0))) | E6: =IF(COUNTIF(InternalTrades!$A$2:$A$461,$A6)>0,1,0) | F6: =IF(COUNTIF(ExchangeConfirms!$A$2:$A$460,$A6)>0,1,0) | G6: =IFERROR(INDEX(InternalTrades!$F$2:$F$461,MATCH($A6,InternalTrades!$A$2:$A$461,0)),"") | H6: =IFERROR(INDEX(ExchangeConfirms!$F$2:$F$460,MATCH($A6,ExchangeConfirms!$A$2:$A$460,0)),"") | I6: =IFERROR(INDEX(InternalTrades!$G$2:$G$461,MATCH($A6,InternalTrades!$A$2:$A$461,0)),"") | J6: =IFERROR(INDEX(ExchangeConfirms!$G$2:$G$460,MATCH($A6,ExchangeConfirms!$A$2:$A$460,0)),"") | K6: =IFERROR(INDEX(InternalTrades!$H$2:$H$461,MATCH($A6,InternalTrades!$A$2:$A$461,0)),"") | L6: =IFERROR(INDEX(ExchangeConfirms!$H$2:$H$460,MATCH($A6,ExchangeConfirms!$A$2:$A$460,0)),"") | M6: =IFERROR(INDEX(InternalTrades!$J$2:$J$461,MATCH($A6,InternalTrades!$A$2:$A$461,0)),"") | N6: =IFERROR(INDEX(ExchangeConfirms!$J$2:$J$460,MATCH($A6,ExchangeConfirms!$A$2:$A$460,0)),"") | O6: =IFERROR(INDEX(InternalTrades!$I$2:$I$461,MATCH($A6,InternalTrades!$A$2:$A$461,0)),"") | P6: =IFERROR(INDEX(ExchangeConfirms!$I$2:$I$460,MATCH($A6,ExchangeConfirms!$A$2:$A$460,0)),"") | Q6: =IF(AND($E6=1,$F6=0),"MISSING IN EXCHANGE",IF(AND($E6=0,$F6=1),"MISSING IN INTERNAL",IF($G6<>$H6,"SIDE BREAK",IF($I6<>$J6,"QTY BREAK",IF(ABS($K6-$L6)>0.005,"PRICE BREAK",IF(ABS($M6-$N6)>0.01,"FEE BREAK","MATCHED")))))) | R6: =IF($Q6="MATCHED",0,1) | S6: =IF($Q6="MATCHED",0,IF($Q6="MISSING IN EXCHANGE",$O6,IF($Q6="MISSING IN INTERNAL",$P6,ABS(N($O6)-N($P6)))))
A7: T100006 | B7: =IFERROR(INDEX(InternalTrades!$D$2:$D$461,MATCH($A7,InternalTrades!$A$2:$A$461,0)),INDEX(ExchangeConfirms!$D$2:$D$460,MATCH($A7,ExchangeConfirms!$A$2:$A$460,0))) | C7: =IFERROR(INDEX(InternalTrades!$E$2:$E$461,MATCH($A7,InternalTrades!$A$2:$A$461,0)),INDEX(ExchangeConfirms!$E$2:$E$460,MATCH($A7,ExchangeConfirms!$A$2:$A$460,0))) | D7: =IFERROR(INDEX(InternalTrades!$K$2:$K$461,MATCH($A7,InternalTrades!$A$2:$A$461,0)),INDEX(ExchangeConfirms!$K$2:$K$460,MATCH($A7,ExchangeConfirms!$A$2:$A$460,0))) | E7: =IF(COUNTIF(InternalTrades!$A$2:$A$461,$A7)>0,1,0) | F7: =IF(COUNTIF(ExchangeConfirms!$A$2:$A$460,$A7)>0,1,0) | G7: =IFERROR(INDEX(InternalTrades!$F$2:$F$461,MATCH($A7,InternalTrades!$A$2:$A$461,0)),"") | H7: =IFERROR(INDEX(ExchangeConfirms!$F$2:$F$460,MATCH($A7,ExchangeConfirms!$A$2:$A$460,0)),"") | I7: =IFERROR(INDEX(InternalTrades!$G$2:$G$461,MATCH($A7,InternalTrades!$A$2:$A$461,0)),"") | J7: =IFERROR(INDEX(ExchangeConfirms!$G$2:$G$460,MATCH($A7,ExchangeConfirms!$A$2:$A$460,0)),"") | K7: =IFERROR(INDEX(InternalTrades!$H$2:$H$461,MATCH($A7,InternalTrades!$A$2:$A$461,0)),"") | L7: =IFERROR(INDEX(ExchangeConfirms!$H$2:$H$460,MATCH($A7,ExchangeConfirms!$A$2:$A$460,0)),"") | M7: =IFERROR(INDEX(InternalTrades!$J$2:$J$461,MATCH($A7,InternalTrades!$A$2:$A$461,0)),"") | N7: =IFERROR(INDEX(ExchangeConfirms!$J$2:$J$460,MATCH($A7,ExchangeConfirms!$A$2:$A$460,0)),"") | O7: =IFERROR(INDEX(InternalTrades!$I$2:$I$461,MATCH($A7,InternalTrades!$A$2:$A$461,0)),"") | P7: =IFERROR(INDEX(ExchangeConfirms!$I$2:$I$460,MATCH($A7,ExchangeConfirms!$A$2:$A$460,0)),"") | Q7: =IF(AND($E7=1,$F7=0),"MISSING IN EXCHANGE",IF(AND($E7=0,$F7=1),"MISSING IN INTERNAL",IF($G7<>$H7,"SIDE BREAK",IF($I7<>$J7,"QTY BREAK",IF(ABS($K7-$L7)>0.005,"PRICE BREAK",IF(ABS($M7-$N7)>0.01,"FEE BREAK","MATCHED")))))) | R7: =IF($Q7="MATCHED",0,1) | S7: =IF($Q7="MATCHED",0,IF($Q7="MISSING IN EXCHANGE",$O7,IF($Q7="MISSING IN INTERNAL",$P7,ABS(N($O7)-N($P7)))))
A8: T100007 | B8: =IFERROR(INDEX(InternalTrades!$D$2:$D$461,MATCH($A8,InternalTrades!$A$2:$A$461,0)),INDEX(ExchangeConfirms!$D$2:$D$460,MATCH($A8,ExchangeConfirms!$A$2:$A$460,0))) | C8: =IFERROR(INDEX(InternalTrades!$E$2:$E$461,MATCH($A8,InternalTrades!$A$2:$A$461,0)),INDEX(ExchangeConfirms!$E$2:$E$460,MATCH($A8,ExchangeConfirms!$A$2:$A$460,0))) | D8: =IFERROR(INDEX(InternalTrades!$K$2:$K$461,MATCH($A8,InternalTrades!$A$2:$A$461,0)),INDEX(ExchangeConfirms!$K$2:$K$460,MATCH($A8,ExchangeConfirms!$A$2:$A$460,0))) | E8: =IF(COUNTIF(InternalTrades!$A$2:$A$461,$A8)>0,1,0) | F8: =IF(COUNTIF(ExchangeConfirms!$A$2:$A$460,$A8)>0,1,0) | G8: =IFERROR(INDEX(InternalTrades!$F$2:$F$461,MATCH($A8,InternalTrades!$A$2:$A$461,0)),"") | H8: =IFERROR(INDEX(ExchangeConfirms!$F$2:$F$460,MATCH($A8,ExchangeConfirms!$A$2:$A$460,0)),"") | I8: =IFERROR(INDEX(InternalTrades!$G$2:$G$461,MATCH($A8,InternalTrades!$A$2:$A$461,0)),"") | J8: =IFERROR(INDEX(ExchangeConfirms!$G$2:$G$460,MATCH($A8,ExchangeConfirms!$A$2:$A$460,0)),"") | K8: =IFERROR(INDEX(InternalTrades!$H$2:$H$461,MATCH($A8,InternalTrades!$A$2:$A$461,0)),"") | L8: =IFERROR(INDEX(ExchangeConfirms!$H$2:$H$460,MATCH($A8,ExchangeConfirms!$A$2:$A$460,0)),"") | M8: =IFERROR(INDEX(InternalTrades!$J$2:$J$461,MATCH($A8,InternalTrades!$A$2:$A$461,0)),"") | N8: =IFERROR(INDEX(ExchangeConfirms!$J$2:$J$460,MATCH($A8,ExchangeConfirms!$A$2:$A$460,0)),"") | O8: =IFERROR(INDEX(InternalTrades!$I$2:$I$461,MATCH($A8,InternalTrades!$A$2:$A$461,0)),"") | P8: =IFERROR(INDEX(ExchangeConfirms!$I$2:$I$460,MATCH($A8,ExchangeConfirms!$A$2:$A$460,0)),"") | Q8: =IF(AND($E8=1,$F8=0),"MISSING IN EXCHANGE",IF(AND($E8=0,$F8=1),"MISSING IN INTERNAL",IF($G8<>$H8,"SIDE BREAK",IF($I8<>$J8,"QTY BREAK",IF(ABS($K8-$L8)>0.005,"PRICE BREAK",IF(ABS($M8-$N8)>0.01,"FEE BREAK","MATCHED")))))) | R8: =IF($Q8="MATCHED",0,1) | S8: =IF($Q8="MATCHED",0,IF($Q8="MISSING IN EXCHANGE",$O8,IF($Q8="MISSING IN INTERNAL",$P8,ABS(N($O8)-N($P8)))))
A9: T100008 | B9: =IFERROR(INDEX(InternalTrades!$D$2:$D$461,MATCH($A9,InternalTrades!$A$2:$A$461,0)),INDEX(ExchangeConfirms!$D$2:$D$460,MATCH($A9,ExchangeConfirms!$A$2:$A$460,0))) | C9: =IFERROR(INDEX(InternalTrades!$E$2:$E$461,MATCH($A9,InternalTrades!$A$2:$A$461,0)),INDEX(ExchangeConfirms!$E$2:$E$460,MATCH($A9,ExchangeConfirms!$A$2:$A$460,0))) | D9: =IFERROR(INDEX(InternalTrades!$K$2:$K$461,MATCH($A9,InternalTrades!$A$2:$A$461,0)),INDEX(ExchangeConfirms!$K$2:$K$460,MATCH($A9,ExchangeConfirms!$A$2:$A$460,0))) | E9: =IF(COUNTIF(InternalTrades!$A$2:$A$461,$A9)>0,1,0) | F9: =IF(COUNTIF(ExchangeConfirms!$A$2:$A$460,$A9)>0,1,0) | G9: =IFERROR(INDEX(InternalTrades!$F$2:$F$461,MATCH($A9,InternalTrades!$A$2:$A$461,0)),"") | H9: =IFERROR(INDEX(ExchangeConfirms!$F$2:$F$460,MATCH($A9,ExchangeConfirms!$A$2:$A$460,0)),"") | I9: =IFERROR(INDEX(InternalTrades!$G$2:$G$461,MATCH($A9,InternalTrades!$A$2:$A$461,0)),"") | J9: =IFERROR(INDEX(ExchangeConfirms!$G$2:$G$460,MATCH($A9,ExchangeConfirms!$A$2:$A$460,0)),"") | K9: =IFERROR(INDEX(InternalTrades!$H$2:$H$461,MATCH($A9,InternalTrades!$A$2:$A$461,0)),"") | L9: =IFERROR(INDEX(ExchangeConfirms!$H$2:$H$460,MATCH($A9,ExchangeConfirms!$A$2:$A$460,0)),"") | M9: =IFERROR(INDEX(InternalTrades!$J$2:$J$461,MATCH($A9,InternalTrades!$A$2:$A$461,0)),"") | N9: =IFERROR(INDEX(ExchangeConfirms!$J$2:$J$460,MATCH($A9,ExchangeConfirms!$A$2:$A$460,0)),"") | O9: =IFERROR(INDEX(InternalTrades!$I$2:$I$461,MATCH($A9,InternalTrades!$A$2:$A$461,0)),"") | P9: =IFERROR(INDEX(ExchangeConfirms!$I$2:$I$460,MATCH($A9,ExchangeConfirms!$A$2:$A$460,0)),"") | Q9: =IF(AND($E9=1,$F9=0),"MISSING IN EXCHANGE",IF(AND($E9=0,$F9=1),"MISSING IN INTERNAL",IF($G9<>$H9,"SIDE BREAK",IF($I9<>$J9,"QTY BREAK",IF(ABS($K9-$L9)>0.005,"PRICE BREAK",IF(ABS($M9-$N9)>0.01,"FEE BREAK","MATCHED")))))) | R9: =IF($Q9="MATCHED",0,1) | S9: =IF($Q9="MATCHED",0,IF($Q9="MISSING IN EXCHANGE",$O9,IF($Q9="MISSING IN INTERNAL",$P9,ABS(N($O9)-N($P9)))))
A10: T100009 | B10: =IFERROR(INDEX(InternalTrades!$D$2:$D$461,MATCH($A10,InternalTrades!$A$2:$A$461,0)),INDEX(ExchangeConfirms!$D$2:$D$460,MATCH($A10,ExchangeConfirms!$A$2:$A$460,0))) | C10: =IFERROR(INDEX(InternalTrades!$E$2:$E$461,MATCH($A10,InternalTrades!$A$2:$A$461,0)),INDEX(ExchangeConfirms!$E$2:$E$460,MATCH($A10,ExchangeConfirms!$A$2:$A$460,0))) | D10: =IFERROR(INDEX(InternalTrades!$K$2:$K$461,MATCH($A10,InternalTrades!$A$2:$A$461,0)),INDEX(ExchangeConfirms!$K$2:$K$460,MATCH($A10,ExchangeConfirms!$A$2:$A$460,0))) | E10: =IF(COUNTIF(InternalTrades!$A$2:$A$461,$A10)>0,1,0) | F10: =IF(COUNTIF(ExchangeConfirms!$A$2:$A$460,$A10)>0,1,0) | G10: =IFERROR(INDEX(InternalTrades!$F$2:$F$461,MATCH($A10,InternalTrades!$A$2:$A$461,0)),"") | H10: =IFERROR(INDEX(ExchangeConfirms!$F$2:$F$460,MATCH($A10,ExchangeConfirms!$A$2:$A$460,0)),"") | I10: =IFERROR(INDEX(InternalTrades!$G$2:$G$461,MATCH($A10,InternalTrades!$A$2:$A$461,0)),"") | J10: =IFERROR(INDEX(ExchangeConfirms!$G$2:$G$460,MATCH($A10,ExchangeConfirms!$A$2:$A$460,0)),"") | K10: =IFERROR(INDEX(InternalTrades!$H$2:$H$461,MATCH($A10,InternalTrades!$A$2:$A$461,0)),"") | L10: =IFERROR(INDEX(ExchangeConfirms!$H$2:$H$460,MATCH($A10,ExchangeConfirms!$A$2:$A$460,0)),"") | M10: =IFERROR(INDEX(InternalTrades!$J$2:$J$461,MATCH($A10,InternalTrades!$A$2:$A$461,0)),"") | N10: =IFERROR(INDEX(ExchangeConfirms!$J$2:$J$460,MATCH($A10,ExchangeConfirms!$A$2:$A$460,0)),"") | O10: =IFERROR(INDEX(InternalTrades!$I$2:$I$461,MATCH($A10,InternalTrades!$A$2:$A$461,0)),"") | P10: =IFERROR(INDEX(ExchangeConfirms!$I$2:$I$460,MATCH($A10,ExchangeConfirms!$A$2:$A$460,0)),"") | Q10: =IF(AND($E10=1,$F10=0),"MISSING IN EXCHANGE",IF(AND($E10=0,$F10=1),"MISSING IN INTERNAL",IF($G10<>$H10,"SIDE BREAK",IF($I10<>$J10,"QTY BREAK",IF(ABS($K10-$L10)>0.005,"PRICE BREAK",IF(ABS($M10-$N10)>0.01,"FEE BREAK","MATCHED")))))) | R10: =IF($Q10="MATCHED",0,1) | S10: =IF($Q10="MATCHED",0,IF($Q10="MISSING IN EXCHANGE",$O10,IF($Q10="MISSING IN INTERNAL",$P10,ABS(N($O10)-N($P10)))))
A11: T100010 | B11: =IFERROR(INDEX(InternalTrades!$D$2:$D$461,MATCH($A11,InternalTrades!$A$2:$A$461,0)),INDEX(ExchangeConfirms!$D$2:$D$460,MATCH($A11,ExchangeConfirms!$A$2:$A$460,0))) | C11: =IFERROR(INDEX(InternalTrades!$E$2:$E$461,MATCH($A11,InternalTrades!$A$2:$A$461,0)),INDEX(ExchangeConfirms!$E$2:$E$460,MATCH($A11,ExchangeConfirms!$A$2:$A$460,0))) | D11: =IFERROR(INDEX(InternalTrades!$K$2:$K$461,MATCH($A11,InternalTrades!$A$2:$A$461,0)),INDEX(ExchangeConfirms!$K$2:$K$460,MATCH($A11,ExchangeConfirms!$A$2:$A$460,0))) | E11: =IF(COUNTIF(InternalTrades!$A$2:$A$461,$A11)>0,1,0) | F11: =IF(COUNTIF(ExchangeConfirms!$A$2:$A$460,$A11)>0,1,0) | G11: =IFERROR(INDEX(InternalTrades!$F$2:$F$461,MATCH($A11,InternalTrades!$A$2:$A$461,0)),"") | H11: =IFERROR(INDEX(ExchangeConfirms!$F$2:$F$460,MATCH($A11,ExchangeConfirms!$A$2:$A$460,0)),"") | I11: =IFERROR(INDEX(InternalTrades!$G$2:$G$461,MATCH($A11,InternalTrades!$A$2:$A$461,0)),"") | J11: =IFERROR(INDEX(ExchangeConfirms!$G$2:$G$460,MATCH($A11,ExchangeConfirms!$A$2:$A$460,0)),"") | K11: =IFERROR(INDEX(InternalTrades!$H$2:$H$461,MATCH($A11,InternalTrades!$A$2:$A$461,0)),"") | L11: =IFERROR(INDEX(ExchangeConfirms!$H$2:$H$460,MATCH($A11,ExchangeConfirms!$A$2:$A$460,0)),"") | M11: =IFERROR(INDEX(InternalTrades!$J$2:$J$461,MATCH($A11,InternalTrades!$A$2:$A$461,0)),"") | N11: =IFERROR(INDEX(ExchangeConfirms!$J$2:$J$460,MATCH($A11,ExchangeConfirms!$A$2:$A$460,0)),"") | O11: =IFERROR(INDEX(InternalTrades!$I$2:$I$461,MATCH($A11,InternalTrades!$A$2:$A$461,0)),"") | P11: =IFERROR(INDEX(ExchangeConfirms!$I$2:$I$460,MATCH($A11,ExchangeConfirms!$A$2:$A$460,0)),"") | Q11: =IF(AND($E11=1,$F11=0),"MISSING IN EXCHANGE",IF(AND($E11=0,$F11=1),"MISSING IN INTERNAL",IF($G11<>$H11,"SIDE BREAK",IF($I11<>$J11,"QTY BREAK",IF(ABS($K11-$L11)>0.005,"PRICE BREAK",IF(ABS($M11-$N11)>0.01,"FEE BREAK","MATCHED")))))) | R11: =IF($Q11="MATCHED",0,1) | S11: =IF($Q11="MATCHED",0,IF($Q11="MISSING IN EXCHANGE",$O11,IF($Q11="MISSING IN INTERNAL",$P11,ABS(N($O11)-N($P11)))))
A12: T100011 | B12: =IFERROR(INDEX(InternalTrades!$D$2:$D$461,MATCH($A12,InternalTrades!$A$2:$A$461,0)),INDEX(ExchangeConfirms!$D$2:$D$460,MATCH($A12,ExchangeConfirms!$A$2:$A$460,0))) | C12: =IFERROR(INDEX(InternalTrades!$E$2:$E$461,MATCH($A12,InternalTrades!$A$2:$A$461,0)),INDEX(ExchangeConfirms!$E$2:$E$460,MATCH($A12,ExchangeConfirms!$A$2:$A$460,0))) | D12: =IFERROR(INDEX(InternalTrades!$K$2:$K$461,MATCH($A12,InternalTrades!$A$2:$A$461,0)),INDEX(ExchangeConfirms!$K$2:$K$460,MATCH($A12,ExchangeConfirms!$A$2:$A$460,0))) | E12: =IF(COUNTIF(InternalTrades!$A$2:$A$461,$A12)>0,1,0) | F12: =IF(COUNTIF(ExchangeConfirms!$A$2:$A$460,$A12)>0,1,0) | G12: =IFERROR(INDEX(InternalTrades!$F$2:$F$461,MATCH($A12,InternalTrades!$A$2:$A$461,0)),"") | H12: =IFERROR(INDEX(ExchangeConfirms!$F$2:$F$460,MATCH($A12,ExchangeConfirms!$A$2:$A$460,0)),"") | I12: =IFERROR(INDEX(InternalTrades!$G$2:$G$461,MATCH($A12,InternalTrades!$A$2:$A$461,0)),"") | J12: =IFERROR(INDEX(ExchangeConfirms!$G$2:$G$460,MATCH($A12,ExchangeConfirms!$A$2:$A$460,0)),"") | K12: =IFERROR(INDEX(InternalTrades!$H$2:$H$461,MATCH($A12,InternalTrades!$A$2:$A$461,0)),"") | L12: =IFERROR(INDEX(ExchangeConfirms!$H$2:$H$460,MATCH($A12,ExchangeConfirms!$A$2:$A$460,0)),"") | M12: =IFERROR(INDEX(InternalTrades!$J$2:$J$461,MATCH($A12,InternalTrades!$A$2:$A$461,0)),"") | N12: =IFERROR(INDEX(ExchangeConfirms!$J$2:$J$460,MATCH($A12,ExchangeConfirms!$A$2:$A$460,0)),"") | O12: =IFERROR(INDEX(InternalTrades!$I$2:$I$461,MATCH($A12,InternalTrades!$A$2:$A$461,0)),"") | P12: =IFERROR(INDEX(ExchangeConfirms!$I$2:$I$460,MATCH($A12,ExchangeConfirms!$A$2:$A$460,0)),"") | Q12: =IF(AND($E12=1,$F12=0),"MISSING IN EXCHANGE",IF(AND($E12=0,$F12=1),"MISSING IN INTERNAL",IF($G12<>$H12,"SIDE BREAK",IF($I12<>$J12,"QTY BREAK",IF(ABS($K12-$L12)>0.005,"PRICE BREAK",IF(ABS($M12-$N12)>0.01,"FEE BREAK","MATCHED")))))) | R12: =IF($Q12="MATCHED",0,1) | S12: =IF($Q12="MATCHED",0,IF($Q12="MISSING IN EXCHANGE",$O12,IF($Q12="MISSING IN INTERNAL",$P12,ABS(N($O12)-N($P12)))))
A13: T100012 | B13: =IFERROR(INDEX(InternalTrades!$D$2:$D$461,MATCH($A13,InternalTrades!$A$2:$A$461,0)),INDEX(ExchangeConfirms!$D$2:$D$460,MATCH($A13,ExchangeConfirms!$A$2:$A$460,0))) | C13: =IFERROR(INDEX(InternalTrades!$E$2:$E$461,MATCH($A13,InternalTrades!$A$2:$A$461,0)),INDEX(ExchangeConfirms!$E$2:$E$460,MATCH($A13,ExchangeConfirms!$A$2:$A$460,0))) | D13: =IFERROR(INDEX(InternalTrades!$K$2:$K$461,MATCH($A13,InternalTrades!$A$2:$A$461,0)),INDEX(ExchangeConfirms!$K$2:$K$460,MATCH($A13,ExchangeConfirms!$A$2:$A$460,0))) | E13: =IF(COUNTIF(InternalTrades!$A$2:$A$461,$A13)>0,1,0) | F13: =IF(COUNTIF(ExchangeConfirms!$A$2:$A$460,$A13)>0,1,0) | G13: =IFERROR(INDEX(InternalTrades!$F$2:$F$461,MATCH($A13,InternalTrades!$A$2:$A$461,0)),"") | H13: =IFERROR(INDEX(ExchangeConfirms!$F$2:$F$460,MATCH($A13,ExchangeConfirms!$A$2:$A$460,0)),"") | I13: =IFERROR(INDEX(InternalTrades!$G$2:$G$461,MATCH($A13,InternalTrades!$A$2:$A$461,0)),"") | J13: =IFERROR(INDEX(ExchangeConfirms!$G$2:$G$460,MATCH($A13,ExchangeConfirms!$A$2:$A$460,0)),"") | K13: =IFERROR(INDEX(InternalTrades!$H$2:$H$461,MATCH($A13,InternalTrades!$A$2:$A$461,0)),"") | L13: =IFERROR(INDEX(ExchangeConfirms!$H$2:$H$460,MATCH($A13,ExchangeConfirms!$A$2:$A$460,0)),"") | M13: =IFERROR(INDEX(InternalTrades!$J$2:$J$461,MATCH($A13,InternalTrades!$A$2:$A$461,0)),"") | N13: =IFERROR(INDEX(ExchangeConfirms!$J$2:$J$460,MATCH($A13,ExchangeConfirms!$A$2:$A$460,0)),"") | O13: =IFERROR(INDEX(InternalTrades!$I$2:$I$461,MATCH($A13,InternalTrades!$A$2:$A$461,0)),"") | P13: =IFERROR(INDEX(ExchangeConfirms!$I$2:$I$460,MATCH($A13,ExchangeConfirms!$A$2:$A$460,0)),"") | Q13: =IF(AND($E13=1,$F13=0),"MISSING IN EXCHANGE",IF(AND($E13=0,$F13=1),"MISSING IN INTERNAL",IF($G13<>$H13,"SIDE BREAK",IF($I13<>$J13,"QTY BREAK",IF(ABS($K13-$L13)>0.005,"PRICE BREAK",IF(ABS($M13-$N13)>0.01,"FEE BREAK","MATCHED")))))) | R13: =IF($Q13="MATCHED",0,1) | S13: =IF($Q13="MATCHED",0,IF($Q13="MISSING IN EXCHANGE",$O13,IF($Q13="MISSING IN INTERNAL",$P13,ABS(N($O13)-N($P13)))))
... A463: T100462 | B463: =IFERROR(INDEX(InternalTrades!$D$2:$D$461,MATCH($A463,InternalTrades!$A$2:$A$461,0)),INDEX(ExchangeConfirms!$D$2:$D$460,MATCH($A463,ExchangeConfirms!$A$2:$A$460,0))) | C463: =IFERROR(INDEX(InternalTrades!$E$2:$E$461,MATCH($A463,InternalTrades!$A$2:$A$461,0)),INDEX(ExchangeConfirms!$E$2:$E$460,MATCH($A463,ExchangeConfirms!$A$2:$A$460,0))) | D463: =IFERROR(INDEX(InternalTrades!$K$2:$K$461,MATCH($A463,InternalTrades!$A$2:$A$461,0)),INDEX(ExchangeConfirms!$K$2:$K$460,MATCH($A463,ExchangeConfirms!$A$2:$A$460,0))) | E463: =IF(COUNTIF(InternalTrades!$A$2:$A$461,$A463)>0,1,0) | F463: =IF(COUNTIF(ExchangeConfirms!$A$2:$A$460,$A463)>0,1,0) | G463: =IFERROR(INDEX(InternalTrades!$F$2:$F$461,MATCH($A463,InternalTrades!$A$2:$A$461,0)),"") | H463: =IFERROR(INDEX(ExchangeConfirms!$F$2:$F$460,MATCH($A463,ExchangeConfirms!$A$2:$A$460,0)),"") | I463: =IFERROR(INDEX(InternalTrades!$G$2:$G$461,MATCH($A463,InternalTrades!$A$2:$A$461,0)),"") | J463: =IFERROR(INDEX(ExchangeConfirms!$G$2:$G$460,MATCH($A463,ExchangeConfirms!$A$2:$A$460,0)),"") | K463: =IFERROR(INDEX(InternalTrades!$H$2:$H$461,MATCH($A463,InternalTrades!$A$2:$A$461,0)),"") | L463: =IFERROR(INDEX(ExchangeConfirms!$H$2:$H$460,MATCH($A463,ExchangeConfirms!$A$2:$A$460,0)),"") | M463: =IFERROR(INDEX(InternalTrades!$J$2:$J$461,MATCH($A463,InternalTrades!$A$2:$A$461,0)),"") | N463: =IFERROR(INDEX(ExchangeConfirms!$J$2:$J$460,MATCH($A463,ExchangeConfirms!$A$2:$A$460,0)),"") | O463: =IFERROR(INDEX(InternalTrades!$I$2:$I$461,MATCH($A463,InternalTrades!$A$2:$A$461,0)),"") | P463: =IFERROR(INDEX(ExchangeConfirms!$I$2:$I$460,MATCH($A463,ExchangeConfirms!$A$2:$A$460,0)),"") | Q463: =IF(AND($E463=1,$F463=0),"MISSING IN EXCHANGE",IF(AND($E463=0,$F463=1),"MISSING IN INTERNAL",IF($G463<>$H463,"SIDE BREAK",IF($I463<>$J463,"QTY BREAK",IF(ABS($K463-$L463)>0.005,"PRICE BREAK",IF(ABS($M463-$N463)>0.01,"FEE BREAK","MATCHED")))))) | R463: =IF($Q463="MATCHED",0,1) | S463: =IF($Q463="MATCHED",0,IF($Q463="MISSING IN EXCHANGE",$O463,IF($Q463="MISSING IN INTERNAL",$P463,ABS(N($O463)-N($P463)))))
